                  epoch,         train/box_loss,         train/cls_loss,         train/dfl_loss,   metrics/precision(B),      metrics/recall(B),       metrics/mAP50(B),    metrics/mAP50-95(B),           val/box_loss,           val/cls_loss,           val/dfl_loss,                 lr/pg0,                 lr/pg1,                 lr/pg2
                      0,                 1.0196,                 4.7551,                 1.4521,                0.02244,                 0.6754,                0.10919,                 0.0744,                    nan,                    nan,                    nan,             0.00010983,             0.00010983,             0.00010983
                      1,                0.78191,                 4.1392,                 1.2536,                0.57225,                0.21753,                0.22391,                0.15901,                    nan,                    nan,                    nan,             0.00021354,             0.00021354,             0.00021354
                      2,                0.78242,                 3.7908,                 1.2574,                0.58611,                0.13583,                0.24497,                 0.1691,                    nan,                    nan,                    nan,             0.00030993,             0.00030993,             0.00030993
                      3,                0.77588,                 3.4746,                 1.2378,                0.40387,                0.31582,                0.30383,                0.22785,                    nan,                    nan,                    nan,             0.00030003,             0.00030003,             0.00030003
                      4,                0.74762,                 3.2683,                 1.2245,                0.42588,                0.31438,                0.34838,                0.27819,                    nan,                    nan,                    nan,             0.00030003,             0.00030003,             0.00030003
                      5,                0.72429,                 3.0804,                 1.2034,                0.48264,                0.31056,                0.37298,                0.28715,                    nan,                    nan,                    nan,             0.00028904,             0.00028904,             0.00028904
